Time,0
2018-01-01 00:45:00,0.23604214191436768
2018-01-01 01:00:00,0.23604214191436768
2018-01-01 01:15:00,0.23604214191436768
2018-01-01 01:30:00,0.23604214191436768
2018-01-01 01:45:00,0.23604214191436768
2018-01-01 02:00:00,0.23604214191436768
2018-01-01 02:15:00,0.23604214191436768
2018-01-01 02:30:00,0.23604214191436768
2018-01-01 02:45:00,0.23604214191436768
2018-01-01 03:00:00,0.23604214191436768
2018-01-01 03:15:00,0.23604214191436768
2018-01-01 03:30:00,0.23604214191436768
2018-01-01 03:45:00,0.23604214191436768
2018-01-01 04:00:00,0.23604214191436768
2018-01-01 04:15:00,0.23604214191436768
2018-01-01 04:30:00,0.23604214191436768
2018-01-01 04:45:00,0.23604214191436768
2018-01-01 05:00:00,0.23604214191436768
2018-01-01 05:15:00,0.23604214191436768
2018-01-01 05:30:00,0.23604214191436768
2018-01-01 05:45:00,0.23604214191436768
2018-01-01 06:00:00,0.23604214191436768
2018-01-01 06:15:00,0.23604214191436768
2018-01-01 06:30:00,0.23604214191436768
2018-01-01 06:45:00,0.23604214191436768
2018-01-01 07:00:00,0.23604214191436768
2018-01-01 07:15:00,0.23604214191436768
2018-01-01 07:30:00,0.23604214191436768
2018-01-01 07:45:00,0.23604214191436768
2018-01-01 08:00:00,0.23604214191436768
2018-01-01 08:15:00,0.23604214191436768
2018-01-01 08:30:00,0.23604214191436768
2018-01-01 08:45:00,0.23604214191436768
2018-01-01 09:00:00,0.23604214191436768
2018-01-01 09:15:00,0.23604214191436768
2018-01-01 09:30:00,0.23604214191436768
2018-01-01 09:45:00,0.23604214191436768
2018-01-01 10:00:00,0.23604214191436768
2018-01-01 10:15:00,0.23604214191436768
2018-01-01 10:30:00,0.23604214191436768
2018-01-01 10:45:00,0.23604214191436768
2018-01-01 11:00:00,0.23604214191436768
2018-01-01 11:15:00,0.23604214191436768
2018-01-01 11:30:00,0.23604214191436768
2018-01-01 11:45:00,0.23604214191436768
2018-01-01 12:00:00,0.23604214191436768
2018-01-01 12:15:00,0.23604214191436768
2018-01-01 12:30:00,0.23604214191436768
2018-01-01 12:45:00,0.23604214191436768
2018-01-01 13:00:00,0.23604214191436768
2018-01-01 13:15:00,0.23604214191436768
2018-01-01 13:30:00,0.23604214191436768
2018-01-01 13:45:00,0.23604214191436768
2018-01-01 14:00:00,0.23604214191436768
2018-01-01 14:15:00,0.23604214191436768
2018-01-01 14:30:00,0.23604214191436768
2018-01-01 14:45:00,0.23604214191436768
2018-01-01 15:00:00,0.23604214191436768
2018-01-01 15:15:00,0.23604214191436768
2018-01-01 15:30:00,0.23604214191436768
2018-01-01 15:45:00,0.23604214191436768
2018-01-01 16:00:00,0.23604214191436768
2018-01-01 16:15:00,0.23604214191436768
2018-01-01 16:30:00,0.23604214191436768
2018-01-01 16:45:00,0.23604214191436768
2018-01-01 17:00:00,0.23604214191436768
2018-01-01 17:15:00,0.23604214191436768
2018-01-01 17:30:00,0.23604214191436768
2018-01-01 17:45:00,0.23604214191436768
2018-01-01 18:00:00,0.23604214191436768
2018-01-01 18:15:00,0.23604214191436768
2018-01-01 18:30:00,0.23604214191436768
2018-01-01 18:45:00,0.23604214191436768
2018-01-01 19:00:00,0.23604214191436768
2018-01-01 19:15:00,0.23604214191436768
2018-01-01 19:30:00,0.23604214191436768
2018-01-01 19:45:00,0.23604214191436768
2018-01-01 20:00:00,0.23604214191436768
2018-01-01 20:15:00,0.23604214191436768
2018-01-01 20:30:00,0.23604214191436768
2018-01-01 20:45:00,0.23604214191436768
2018-01-01 21:00:00,0.23604214191436768
2018-01-01 21:15:00,0.23604214191436768
2018-01-01 21:30:00,0.23604214191436768
2018-01-01 21:45:00,0.23604214191436768
2018-01-01 22:00:00,0.23604214191436768
2018-01-01 22:15:00,0.23604214191436768
2018-01-01 22:30:00,0.23604214191436768
2018-01-01 22:45:00,0.23604214191436768
2018-01-01 23:00:00,0.23604214191436768
2018-01-01 23:15:00,0.23604214191436768
2018-01-01 23:30:00,0.23604214191436768
2018-01-01 23:45:00,0.23604214191436768
2018-01-08 00:00:00,0.23604214191436768
2018-01-08 00:15:00,0.3122791051864624
2018-01-08 00:30:00,0.29642224311828613
2018-01-08 00:45:00,0.2886272370815277
2018-01-08 01:00:00,0.28855496644973755
2018-01-08 01:15:00,0.2930130958557129
2018-01-08 01:30:00,0.2872508764266968
2018-01-08 01:45:00,0.2871342897415161
2018-01-08 02:00:00,0.28412294387817383
2018-01-08 02:15:00,0.28484153747558594
2018-01-08 02:30:00,0.2798652648925781
2018-01-08 02:45:00,0.28287258744239807
2018-01-08 03:00:00,0.27925997972488403
2018-01-08 03:15:00,0.2739146947860718
2018-01-08 03:30:00,0.2799559533596039
2018-01-08 03:45:00,0.27546191215515137
2018-01-08 04:00:00,0.27311113476753235
2018-01-08 04:15:00,0.2729130685329437
2018-01-08 04:30:00,0.26945650577545166
2018-01-08 04:45:00,0.2717429995536804
2018-01-08 05:00:00,0.2714756727218628
2018-01-08 05:15:00,0.2677953541278839
2018-01-08 05:30:00,0.2698417007923126
2018-01-08 05:45:00,0.2696397602558136
2018-01-08 06:00:00,0.2666017711162567
2018-01-08 06:15:00,0.26942214369773865
2018-01-08 06:30:00,0.26898860931396484
2018-01-08 06:45:00,0.2668799161911011
2018-01-08 07:00:00,0.2598828673362732
2018-01-08 07:15:00,0.2522992491722107
2018-01-08 07:30:00,0.25097575783729553
2018-01-08 07:45:00,0.25549790263175964
2018-01-08 08:00:00,0.262706995010376
2018-01-08 08:15:00,0.27262333035469055
2018-01-08 08:30:00,0.2775267958641052
2018-01-08 08:45:00,0.27881085872650146
2018-01-08 09:00:00,0.27936437726020813
2018-01-08 09:15:00,0.31295350193977356
2018-01-08 09:30:00,0.3884340226650238
2018-01-08 09:45:00,0.3734184503555298
2018-01-08 10:00:00,0.37873512506484985
2018-01-08 10:15:00,0.40958207845687866
2018-01-08 10:30:00,0.40637850761413574
2018-01-08 10:45:00,0.40469151735305786
2018-01-08 11:00:00,0.41384953260421753
2018-01-08 11:15:00,0.41740548610687256
2018-01-08 11:30:00,0.4553479552268982
2018-01-08 11:45:00,0.439704030752182
2018-01-08 12:00:00,0.4445880949497223
2018-01-08 12:15:00,0.5312812328338623
2018-01-08 12:30:00,0.5065653324127197
2018-01-08 12:45:00,0.4597519040107727
2018-01-08 13:00:00,0.4537687599658966
2018-01-08 13:15:00,0.4662368595600128
2018-01-08 13:30:00,0.46756115555763245
2018-01-08 13:45:00,0.4428262412548065
2018-01-08 14:00:00,0.43901652097702026
2018-01-08 14:15:00,0.46305689215660095
2018-01-08 14:30:00,0.46035537123680115
2018-01-08 14:45:00,0.4537893235683441
2018-01-08 15:00:00,0.49021321535110474
2018-01-08 15:15:00,0.48487091064453125
2018-01-08 15:30:00,0.4832551181316376
2018-01-08 15:45:00,0.46913498640060425
2018-01-08 16:00:00,0.4723251760005951
2018-01-08 16:15:00,0.45280998945236206
2018-01-08 16:30:00,0.4526265859603882
2018-01-08 16:45:00,0.4668017625808716
2018-01-08 17:00:00,0.5035760998725891
2018-01-08 17:15:00,0.47649896144866943
2018-01-08 17:30:00,0.43933627009391785
2018-01-08 17:45:00,0.43232885003089905
2018-01-08 18:00:00,0.42403537034988403
2018-01-08 18:15:00,0.42137959599494934
2018-01-08 18:30:00,0.40966370701789856
2018-01-08 18:45:00,0.3985964059829712
2018-01-08 19:00:00,0.38851848244667053
2018-01-08 19:15:00,0.3917262554168701
2018-01-08 19:30:00,0.3769542872905731
2018-01-08 19:45:00,0.37545105814933777
2018-01-08 20:00:00,0.3716711103916168
2018-01-08 20:15:00,0.3481559455394745
2018-01-08 20:30:00,0.3389084041118622
2018-01-08 20:45:00,0.34429946541786194
2018-01-08 21:00:00,0.3398669362068176
2018-01-08 21:15:00,0.3254808187484741
2018-01-08 21:30:00,0.313283234834671
2018-01-08 21:45:00,0.30810558795928955
2018-01-08 22:00:00,0.32345762848854065
2018-01-08 22:15:00,0.3302229344844818
2018-01-08 22:30:00,0.3297789394855499
2018-01-08 22:45:00,0.3386686444282532
2018-01-08 23:00:00,0.3221574127674103
2018-01-08 23:15:00,0.3167704641819
2018-01-08 23:30:00,0.31351199746131897
2018-01-08 23:45:00,0.31404027342796326
2018-01-15 00:00:00,0.3135327100753784
2018-01-15 00:15:00,0.3295004069805145
2018-01-15 00:30:00,0.32843494415283203
2018-01-15 00:45:00,0.3228718340396881
2018-01-15 01:00:00,0.3201572597026825
2018-01-15 01:15:00,0.320083349943161
2018-01-15 01:30:00,0.3206230103969574
2018-01-15 01:45:00,0.321033239364624
2018-01-15 02:00:00,0.3098739683628082
2018-01-15 02:15:00,0.3037051558494568
2018-01-15 02:30:00,0.30492734909057617
2018-01-15 02:45:00,0.3123500645160675
2018-01-15 03:00:00,0.30233123898506165
2018-01-15 03:15:00,0.30072256922721863
2018-01-15 03:30:00,0.2991124987602234
2018-01-15 03:45:00,0.2955422103404999
2018-01-15 04:00:00,0.30072999000549316
2018-01-15 04:15:00,0.30902010202407837
2018-01-15 04:30:00,0.30200257897377014
2018-01-15 04:45:00,0.30170881748199463
2018-01-15 05:00:00,0.30023393034935
2018-01-15 05:15:00,0.2991335988044739
2018-01-15 05:30:00,0.2927967607975006
2018-01-15 05:45:00,0.29464539885520935
2018-01-15 06:00:00,0.29537907242774963
2018-01-15 06:15:00,0.2994765043258667
2018-01-15 06:30:00,0.29371124505996704
2018-01-15 06:45:00,0.29749414324760437
2018-01-15 07:00:00,0.29487112164497375
2018-01-15 07:15:00,0.2934662401676178
2018-01-15 07:30:00,0.3028801381587982
2018-01-15 07:45:00,0.3210276663303375
2018-01-15 08:00:00,0.30622902512550354
2018-01-15 08:15:00,0.3507361114025116
2018-01-15 08:30:00,0.38141149282455444
2018-01-15 08:45:00,0.34742745757102966
2018-01-15 09:00:00,0.33857494592666626
2018-01-15 09:15:00,0.3493153154850006
2018-01-15 09:30:00,0.43919530510902405
2018-01-15 09:45:00,0.45343783497810364
2018-01-15 10:00:00,0.4626016616821289
2018-01-15 10:15:00,0.4788396954536438
2018-01-15 10:30:00,0.5180166363716125
2018-01-15 10:45:00,0.5016487836837769
2018-01-15 11:00:00,0.4940321743488312
2018-01-15 11:15:00,0.5202445387840271
2018-01-15 11:30:00,0.49751266837120056
2018-01-15 11:45:00,0.5228919982910156
2018-01-15 12:00:00,0.5510111451148987
2018-01-15 12:15:00,0.5781554579734802
2018-01-15 12:30:00,0.5642063021659851
2018-01-15 12:45:00,0.561987578868866
2018-01-15 13:00:00,0.5513555407524109
2018-01-15 13:15:00,0.5329692959785461
2018-01-15 13:30:00,0.5122334957122803
2018-01-15 13:45:00,0.5084812045097351
2018-01-15 14:00:00,0.5803969502449036
2018-01-15 14:15:00,0.5603663921356201
2018-01-15 14:30:00,0.5603422522544861
2018-01-15 14:45:00,0.5545597672462463
2018-01-15 15:00:00,0.6051186323165894
2018-01-15 15:15:00,0.6345305442810059
2018-01-15 15:30:00,0.6030799746513367
2018-01-15 15:45:00,0.6153188347816467
2018-01-15 16:00:00,0.6331449151039124
2018-01-15 16:15:00,0.6241522431373596
2018-01-15 16:30:00,0.623422384262085
2018-01-15 16:45:00,0.6017228960990906
2018-01-15 17:00:00,0.6047998666763306
2018-01-15 17:15:00,0.5763710737228394
2018-01-15 17:30:00,0.5309203267097473
2018-01-15 17:45:00,0.522829532623291
2018-01-15 18:00:00,0.49529436230659485
2018-01-15 18:15:00,0.49146556854248047
2018-01-15 18:30:00,0.46381235122680664
2018-01-15 18:45:00,0.46044421195983887
2018-01-15 19:00:00,0.4489702582359314
2018-01-15 19:15:00,0.45272791385650635
2018-01-15 19:30:00,0.4287911653518677
2018-01-15 19:45:00,0.4467158615589142
2018-01-15 20:00:00,0.44879424571990967
2018-01-15 20:15:00,0.43793943524360657
2018-01-15 20:30:00,0.42946958541870117
2018-01-15 20:45:00,0.4146057367324829
2018-01-15 21:00:00,0.41135039925575256
2018-01-15 21:15:00,0.38450515270233154
2018-01-15 21:30:00,0.3694283962249756
2018-01-15 21:45:00,0.38434547185897827
2018-01-15 22:00:00,0.38889172673225403
2018-01-15 22:15:00,0.40861761569976807
2018-01-15 22:30:00,0.39442113041877747
2018-01-15 22:45:00,0.3898068964481354
2018-01-15 23:00:00,0.3900885581970215
2018-01-15 23:15:00,0.3940432071685791
2018-01-15 23:30:00,0.39038747549057007
2018-01-15 23:45:00,0.3795279860496521
2018-01-22 00:00:00,0.369367778301239
2018-01-22 00:15:00,0.32862409949302673
2018-01-22 00:30:00,0.2931933104991913
2018-01-22 00:45:00,0.3011939227581024
2018-01-22 01:00:00,0.31018123030662537
2018-01-22 01:15:00,0.3037261366844177
2018-01-22 01:30:00,0.30266523361206055
2018-01-22 01:45:00,0.30372849106788635
2018-01-22 02:00:00,0.31229111552238464
2018-01-22 02:15:00,0.30446186661720276
2018-01-22 02:30:00,0.29616236686706543
2018-01-22 02:45:00,0.2941805422306061
2018-01-22 03:00:00,0.29505085945129395
2018-01-22 03:15:00,0.29932552576065063
2018-01-22 03:30:00,0.29810306429862976
2018-01-22 03:45:00,0.2960677742958069
2018-01-22 04:00:00,0.2988366484642029
2018-01-22 04:15:00,0.29186931252479553
2018-01-22 04:30:00,0.2901211678981781
2018-01-22 04:45:00,0.2901535630226135
2018-01-22 05:00:00,0.2973773181438446
2018-01-22 05:15:00,0.2916615903377533
2018-01-22 05:30:00,0.2864329218864441
2018-01-22 05:45:00,0.28660011291503906
2018-01-22 06:00:00,0.2935751974582672
2018-01-22 06:15:00,0.29187849164009094
2018-01-22 06:30:00,0.28363966941833496
2018-01-22 06:45:00,0.28879618644714355
2018-01-22 07:00:00,0.28269290924072266
2018-01-22 07:15:00,0.2809200882911682
2018-01-22 07:30:00,0.27863940596580505
2018-01-22 07:45:00,0.2809388041496277
2018-01-22 08:00:00,0.2861591875553131
2018-01-22 08:15:00,0.3076614439487457
2018-01-22 08:30:00,0.3083542585372925
2018-01-22 08:45:00,0.29354384541511536
2018-01-22 09:00:00,0.2941020429134369
2018-01-22 09:15:00,0.30286237597465515
2018-01-22 09:30:00,0.3883077800273895
2018-01-22 09:45:00,0.4352796971797943
2018-01-22 10:00:00,0.42694979906082153
2018-01-22 10:15:00,0.4309360980987549
2018-01-22 10:30:00,0.5047038197517395
2018-01-22 10:45:00,0.48686519265174866
2018-01-22 11:00:00,0.47343066334724426
2018-01-22 11:15:00,0.5313462018966675
2018-01-22 11:30:00,0.5602589249610901
2018-01-22 11:45:00,0.5421575903892517
2018-01-22 12:00:00,0.5406191945075989
2018-01-22 12:15:00,0.5213114023208618
2018-01-22 12:30:00,0.5004481077194214
2018-01-22 12:45:00,0.5100199580192566
2018-01-22 13:00:00,0.543917715549469
2018-01-22 13:15:00,0.5137123465538025
2018-01-22 13:30:00,0.500879168510437
2018-01-22 13:45:00,0.494998037815094
2018-01-22 14:00:00,0.5179820656776428
2018-01-22 14:15:00,0.5841468572616577
2018-01-22 14:30:00,0.6207022070884705
2018-01-22 14:45:00,0.6092634797096252
2018-01-22 15:00:00,0.6145473122596741
2018-01-22 15:15:00,0.6483468413352966
2018-01-22 15:30:00,0.5992546677589417
2018-01-22 15:45:00,0.6208232045173645
2018-01-22 16:00:00,0.6268760561943054
2018-01-22 16:15:00,0.6370915174484253
2018-01-22 16:30:00,0.6209931373596191
2018-01-22 16:45:00,0.633067786693573
2018-01-22 17:00:00,0.6016554832458496
2018-01-22 17:15:00,0.6074302196502686
2018-01-22 17:30:00,0.5716198086738586
2018-01-22 17:45:00,0.5742949843406677
2018-01-22 18:00:00,0.5660908818244934
2018-01-22 18:15:00,0.5410082340240479
2018-01-22 18:30:00,0.5106789469718933
2018-01-22 18:45:00,0.49387308955192566
2018-01-22 19:00:00,0.4530467987060547
2018-01-22 19:15:00,0.450839638710022
2018-01-22 19:30:00,0.4468091130256653
2018-01-22 19:45:00,0.4402841627597809
2018-01-22 20:00:00,0.43912798166275024
2018-01-22 20:15:00,0.41985464096069336
2018-01-22 20:30:00,0.40976864099502563
2018-01-22 20:45:00,0.4043879210948944
2018-01-22 21:00:00,0.4204773008823395
2018-01-22 21:15:00,0.417462021112442
2018-01-22 21:30:00,0.3909626007080078
2018-01-22 21:45:00,0.4041578769683838
2018-01-22 22:00:00,0.40996700525283813
2018-01-22 22:15:00,0.38566696643829346
2018-01-22 22:30:00,0.3691854476928711
2018-01-22 22:45:00,0.3649161159992218
2018-01-22 23:00:00,0.3474592864513397
2018-01-22 23:15:00,0.3271525800228119
2018-01-22 23:30:00,0.3189726173877716
2018-01-22 23:45:00,0.3323339819908142
2018-01-29 00:00:00,0.32723572850227356
2018-01-29 00:15:00,0.30015596747398376
2018-01-29 00:30:00,0.29821765422821045
2018-01-29 00:45:00,0.28702449798583984
2018-01-29 01:00:00,0.2913653552532196
2018-01-29 01:15:00,0.28529787063598633
2018-01-29 01:30:00,0.28611496090888977
2018-01-29 01:45:00,0.28257960081100464
2018-01-29 02:00:00,0.2772423028945923
2018-01-29 02:15:00,0.28691619634628296
2018-01-29 02:30:00,0.27782997488975525
2018-01-29 02:45:00,0.27863261103630066
2018-01-29 03:00:00,0.28268811106681824
2018-01-29 03:15:00,0.2794404923915863
2018-01-29 03:30:00,0.2840243875980377
2018-01-29 03:45:00,0.271925151348114
2018-01-29 04:00:00,0.28455600142478943
2018-01-29 04:15:00,0.2751613259315491
2018-01-29 04:30:00,0.2795886695384979
2018-01-29 04:45:00,0.2715635597705841
2018-01-29 05:00:00,0.28128406405448914
2018-01-29 05:15:00,0.27858757972717285
2018-01-29 05:30:00,0.27156558632850647
2018-01-29 05:45:00,0.2729957401752472
2018-01-29 06:00:00,0.2749873995780945
2018-01-29 06:15:00,0.2734753489494324
2018-01-29 06:30:00,0.27183428406715393
2018-01-29 06:45:00,0.27520886063575745
2018-01-29 07:00:00,0.26775938272476196
2018-01-29 07:15:00,0.2672403156757355
2018-01-29 07:30:00,0.2706861197948456
2018-01-29 07:45:00,0.2744561731815338
2018-01-29 08:00:00,0.274496465921402
2018-01-29 08:15:00,0.2816728949546814
2018-01-29 08:30:00,0.28509950637817383
2018-01-29 08:45:00,0.2793857753276825
2018-01-29 09:00:00,0.3082348704338074
2018-01-29 09:15:00,0.3459324538707733
2018-01-29 09:30:00,0.3502114713191986
2018-01-29 09:45:00,0.3898867070674896
2018-01-29 10:00:00,0.39545848965644836
2018-01-29 10:15:00,0.41569262742996216
2018-01-29 10:30:00,0.45180636644363403
2018-01-29 10:45:00,0.47273316979408264
2018-01-29 11:00:00,0.5641446113586426
2018-01-29 11:15:00,0.4903285503387451
2018-01-29 11:30:00,0.5165870189666748
2018-01-29 11:45:00,0.5074155330657959
2018-01-29 12:00:00,0.5323874354362488
2018-01-29 12:15:00,0.5564018487930298
2018-01-29 12:30:00,0.5490107536315918
2018-01-29 12:45:00,0.5217410326004028
2018-01-29 13:00:00,0.5060039162635803
2018-01-29 13:15:00,0.5094279646873474
2018-01-29 13:30:00,0.5100603103637695
2018-01-29 13:45:00,0.48082685470581055
2018-01-29 14:00:00,0.41960716247558594
2018-01-29 14:15:00,0.4298986792564392
2018-01-29 14:30:00,0.4600100815296173
2018-01-29 14:45:00,0.4855503439903259
2018-01-29 15:00:00,0.5205029249191284
2018-01-29 15:15:00,0.5335282683372498
2018-01-29 15:30:00,0.5707966685295105
2018-01-29 15:45:00,0.6295686960220337
2018-01-29 16:00:00,0.5989821553230286
2018-01-29 16:15:00,0.5953983068466187
2018-01-29 16:30:00,0.580471396446228
2018-01-29 16:45:00,0.5777326226234436
2018-01-29 17:00:00,0.5674751400947571
2018-01-29 17:15:00,0.5661363005638123
2018-01-29 17:30:00,0.5092745423316956
2018-01-29 17:45:00,0.4794502854347229
2018-01-29 18:00:00,0.4658953845500946
2018-01-29 18:15:00,0.45118293166160583
2018-01-29 18:30:00,0.4341343939304352
2018-01-29 18:45:00,0.4191755950450897
2018-01-29 19:00:00,0.4097996652126312
2018-01-29 19:15:00,0.41659015417099
2018-01-29 19:30:00,0.4128858149051666
2018-01-29 19:45:00,0.41393566131591797
2018-01-29 20:00:00,0.39205271005630493
2018-01-29 20:15:00,0.39649561047554016
2018-01-29 20:30:00,0.38108712434768677
2018-01-29 20:45:00,0.3367155194282532
2018-01-29 21:00:00,0.32577285170555115
2018-01-29 21:15:00,0.32886525988578796
2018-01-29 21:30:00,0.3238583207130432
2018-01-29 21:45:00,0.31598055362701416
2018-01-29 22:00:00,0.3350928723812103
2018-01-29 22:15:00,0.3284617066383362
2018-01-29 22:30:00,0.3255486786365509
2018-01-29 22:45:00,0.3265891373157501
2018-01-29 23:00:00,0.31943047046661377
2018-01-29 23:15:00,0.3190130591392517
2018-01-29 23:30:00,0.3167659342288971
2018-01-29 23:45:00,0.30623218417167664
2018-07-02 00:00:00,0.3059892952442169
2018-07-02 00:15:00,0.40364062786102295
2018-07-02 00:30:00,0.38356316089630127
2018-07-02 00:45:00,0.33880987763404846
2018-07-02 01:00:00,0.3160335421562195
2018-07-02 01:15:00,0.3157133460044861
2018-07-02 01:30:00,0.31985533237457275
2018-07-02 01:45:00,0.31608685851097107
2018-07-02 02:00:00,0.3235163986682892
2018-07-02 02:15:00,0.3179463744163513
2018-07-02 02:30:00,0.31647947430610657
2018-07-02 02:45:00,0.314481645822525
2018-07-02 03:00:00,0.3061786890029907
2018-07-02 03:15:00,0.31405383348464966
2018-07-02 03:30:00,0.3193252384662628
2018-07-02 03:45:00,0.3036919832229614
2018-07-02 04:00:00,0.30222198367118835
2018-07-02 04:15:00,0.3079012930393219
2018-07-02 04:30:00,0.2961600124835968
2018-07-02 04:45:00,0.2872132956981659
2018-07-02 05:00:00,0.29392287135124207
2018-07-02 05:15:00,0.29219335317611694
2018-07-02 05:30:00,0.28826525807380676
2018-07-02 05:45:00,0.2839328646659851
2018-07-02 06:00:00,0.2910650670528412
2018-07-02 06:15:00,0.2907610535621643
2018-07-02 06:30:00,0.2900056540966034
2018-07-02 06:45:00,0.2816513180732727
2018-07-02 07:00:00,0.2805304229259491
2018-07-02 07:15:00,0.281928151845932
2018-07-02 07:30:00,0.28555384278297424
2018-07-02 07:45:00,0.28605085611343384
2018-07-02 08:00:00,0.3123452365398407
2018-07-02 08:15:00,0.3117595314979553
2018-07-02 08:30:00,0.31650805473327637
2018-07-02 08:45:00,0.3208538293838501
2018-07-02 09:00:00,0.31779664754867554
2018-07-02 09:15:00,0.35822758078575134
2018-07-02 09:30:00,0.41717156767845154
2018-07-02 09:45:00,0.4365847706794739
2018-07-02 10:00:00,0.5520921349525452
2018-07-02 10:15:00,0.7124053239822388
2018-07-02 10:30:00,0.7155382633209229
2018-07-02 10:45:00,0.693609356880188
2018-07-02 11:00:00,0.6530077457427979
2018-07-02 11:15:00,0.6589527130126953
2018-07-02 11:30:00,0.6611087918281555
2018-07-02 11:45:00,0.636873722076416
2018-07-02 12:00:00,0.650732696056366
2018-07-02 12:15:00,0.6355272531509399
2018-07-02 12:30:00,0.6482772827148438
2018-07-02 12:45:00,0.6468935608863831
2018-07-02 13:00:00,0.6534452438354492
2018-07-02 13:15:00,0.6287249326705933
2018-07-02 13:30:00,0.5742884278297424
2018-07-02 13:45:00,0.5659539699554443
2018-07-02 14:00:00,0.5591846704483032
2018-07-02 14:15:00,0.5632498860359192
2018-07-02 14:30:00,0.5791308879852295
2018-07-02 14:45:00,0.6080146431922913
2018-07-02 15:00:00,0.6132370233535767
2018-07-02 15:15:00,0.608963668346405
2018-07-02 15:30:00,0.6181558966636658
2018-07-02 15:45:00,0.6100077629089355
2018-07-02 16:00:00,0.5751966238021851
2018-07-02 16:15:00,0.5905859470367432
2018-07-02 16:30:00,0.5825297236442566
2018-07-02 16:45:00,0.5762680768966675
2018-07-02 17:00:00,0.5618090629577637
2018-07-02 17:15:00,0.5552660226821899
2018-07-02 17:30:00,0.5579642653465271
2018-07-02 17:45:00,0.5583725571632385
2018-07-02 18:00:00,0.537681519985199
2018-07-02 18:15:00,0.5061914920806885
2018-07-02 18:30:00,0.4912305474281311
2018-07-02 18:45:00,0.49556976556777954
2018-07-02 19:00:00,0.5008591413497925
2018-07-02 19:15:00,0.5139337778091431
2018-07-02 19:30:00,0.47366952896118164
2018-07-02 19:45:00,0.4603586196899414
2018-07-02 20:00:00,0.44651782512664795
2018-07-02 20:15:00,0.41665250062942505
2018-07-02 20:30:00,0.414495050907135
2018-07-02 20:45:00,0.4026068150997162
2018-07-02 21:00:00,0.4230988323688507
2018-07-02 21:15:00,0.4163871109485626
2018-07-02 21:30:00,0.38763099908828735
2018-07-02 21:45:00,0.3844253122806549
2018-07-02 22:00:00,0.39187130331993103
2018-07-02 22:15:00,0.3934597969055176
2018-07-02 22:30:00,0.37006837129592896
2018-07-02 22:45:00,0.35525885224342346
2018-07-02 23:00:00,0.3615574836730957
2018-07-02 23:15:00,0.37521621584892273
2018-07-02 23:30:00,0.36747246980667114
2018-07-02 23:45:00,0.36499902606010437
2018-07-09 00:00:00,0.3666779696941376
2018-07-09 00:15:00,0.3255619704723358
2018-07-09 00:30:00,0.3217022120952606
2018-07-09 00:45:00,0.3247300088405609
2018-07-09 01:00:00,0.32694926857948303
2018-07-09 01:15:00,0.34059691429138184
2018-07-09 01:30:00,0.32488375902175903
2018-07-09 01:45:00,0.31612345576286316
2018-07-09 02:00:00,0.31593504548072815
2018-07-09 02:15:00,0.3274538815021515
2018-07-09 02:30:00,0.3306605815887451
2018-07-09 02:45:00,0.32676535844802856
2018-07-09 03:00:00,0.32258352637290955
2018-07-09 03:15:00,0.3229842483997345
2018-07-09 03:30:00,0.3167612552642822
2018-07-09 03:45:00,0.32735058665275574
2018-07-09 04:00:00,0.3463904857635498
2018-07-09 04:15:00,0.35883083939552307
2018-07-09 04:30:00,0.3431493937969208
2018-07-09 04:45:00,0.32822370529174805
2018-07-09 05:00:00,0.3157669007778168
2018-07-09 05:15:00,0.31027457118034363
2018-07-09 05:30:00,0.3038005232810974
2018-07-09 05:45:00,0.33308538794517517
2018-07-09 06:00:00,0.30986708402633667
2018-07-09 06:15:00,0.3056927025318146
2018-07-09 06:30:00,0.30480122566223145
2018-07-09 06:45:00,0.3125990927219391
2018-07-09 07:00:00,0.3056008219718933
2018-07-09 07:15:00,0.3120501935482025
2018-07-09 07:30:00,0.33540043234825134
2018-07-09 07:45:00,0.34694409370422363
2018-07-09 08:00:00,0.33716732263565063
2018-07-09 08:15:00,0.3212426006793976
2018-07-09 08:30:00,0.31534647941589355
2018-07-09 08:45:00,0.3236747682094574
2018-07-09 09:00:00,0.33760932087898254
2018-07-09 09:15:00,0.3474699556827545
2018-07-09 09:30:00,0.3483470380306244
2018-07-09 09:45:00,0.36161255836486816
2018-07-09 10:00:00,0.40460172295570374
2018-07-09 10:15:00,0.43484988808631897
2018-07-09 10:30:00,0.4181525707244873
2018-07-09 10:45:00,0.43475332856178284
2018-07-09 11:00:00,0.4728771448135376
2018-07-09 11:15:00,0.4975373446941376
2018-07-09 11:30:00,0.49893850088119507
2018-07-09 11:45:00,0.4865344166755676
2018-07-09 12:00:00,0.4928983449935913
2018-07-09 12:15:00,0.517842173576355
2018-07-09 12:30:00,0.509020984172821
2018-07-09 12:45:00,0.5128489136695862
2018-07-09 13:00:00,0.5109634399414062
2018-07-09 13:15:00,0.5104966759681702
2018-07-09 13:30:00,0.2668076455593109
2018-07-09 13:45:00,0.10661396384239197
2018-07-09 14:00:00,0.1910414695739746
2018-07-09 14:15:00,0.1588747501373291
2018-07-09 14:30:00,0.1764107197523117
2018-07-09 14:45:00,0.16756108403205872
2018-07-09 15:00:00,0.17107832431793213
2018-07-09 15:15:00,0.16928716003894806
2018-07-09 15:30:00,0.17015592753887177
2018-07-09 15:45:00,0.1697215437889099
2018-07-09 16:00:00,0.16993872821331024
2018-07-09 16:15:00,0.16983014345169067
2018-07-09 16:30:00,0.16988444328308105
2018-07-09 16:45:00,0.16985729336738586
2018-07-09 17:00:00,0.16987086832523346
2018-07-09 17:15:00,0.16986407339572906
2018-07-09 17:30:00,0.016615992411971092
2018-07-09 17:45:00,0.38797134160995483
2018-07-09 18:00:00,0.4677139222621918
2018-07-09 18:15:00,0.44373664259910583
2018-07-09 18:30:00,0.42276790738105774
2018-07-09 18:45:00,0.4048328101634979
2018-07-09 19:00:00,0.39535585045814514
2018-07-09 19:15:00,0.39905306696891785
2018-07-09 19:30:00,0.423639178276062
2018-07-09 19:45:00,0.4244241714477539
2018-07-09 20:00:00,0.40668484568595886
2018-07-09 20:15:00,0.36691126227378845
2018-07-09 20:30:00,0.38530659675598145
2018-07-09 20:45:00,0.3815300762653351
2018-07-09 21:00:00,0.38364526629447937
2018-07-09 21:15:00,0.3825876712799072
2018-07-09 21:30:00,0.3831164836883545
2018-07-09 21:45:00,0.38285207748413086
2018-07-09 22:00:00,0.3829842805862427
2018-07-09 22:15:00,0.38291817903518677
2018-07-09 22:30:00,0.3829512298107147
2018-07-09 22:45:00,0.38293468952178955
2018-07-09 23:00:00,0.38294297456741333
2018-07-09 23:15:00,0.38293883204460144
2018-07-09 23:30:00,0.3829408884048462
2018-07-09 23:45:00,0.382939875125885
2018-07-16 00:00:00,0.3829403817653656
2018-07-16 00:15:00,0.346878319978714
2018-07-16 00:30:00,0.3425757884979248
2018-07-16 00:45:00,0.3517507016658783
2018-07-16 01:00:00,0.3449682891368866
2018-07-16 01:15:00,0.3490827977657318
2018-07-16 01:30:00,0.35115692019462585
2018-07-16 01:45:00,0.35955390334129333
2018-07-16 02:00:00,0.34728601574897766
2018-07-16 02:15:00,0.34739404916763306
2018-07-16 02:30:00,0.34017613530158997
2018-07-16 02:45:00,0.33981919288635254
2018-07-16 03:00:00,0.334727019071579
2018-07-16 03:15:00,0.3451286256313324
2018-07-16 03:30:00,0.34806033968925476
2018-07-16 03:45:00,0.3395109474658966
2018-07-16 04:00:00,0.3552307188510895
2018-07-16 04:15:00,0.3336474895477295
2018-07-16 04:30:00,0.3065166473388672
2018-07-16 04:45:00,0.3024143576622009
2018-07-16 05:00:00,0.3113449513912201
2018-07-16 05:15:00,0.3108738362789154
2018-07-16 05:30:00,0.30991968512535095
2018-07-16 05:45:00,0.30614808201789856
2018-07-16 06:00:00,0.3038724660873413
2018-07-16 06:15:00,0.30707797408103943
2018-07-16 06:30:00,0.3031960129737854
2018-07-16 06:45:00,0.2952825427055359
2018-07-16 07:00:00,0.2994607090950012
2018-07-16 07:15:00,0.3036195933818817
2018-07-16 07:30:00,0.3098479211330414
2018-07-16 07:45:00,0.31224408745765686
2018-07-16 08:00:00,0.3139732778072357
2018-07-16 08:15:00,0.32473331689834595
2018-07-16 08:30:00,0.3909139633178711
2018-07-16 08:45:00,0.4140850305557251
2018-07-16 09:00:00,0.42876338958740234
2018-07-16 09:15:00,0.4990944564342499
2018-07-16 09:30:00,0.471429705619812
2018-07-16 09:45:00,0.5091156363487244
2018-07-16 10:00:00,0.5690956711769104
2018-07-16 10:15:00,0.5462534427642822
2018-07-16 10:30:00,0.5676084756851196
2018-07-16 10:45:00,0.6322740316390991
2018-07-16 11:00:00,0.6665290594100952
2018-07-16 11:15:00,0.6604741215705872
2018-07-16 11:30:00,0.6873842477798462
2018-07-16 11:45:00,0.673567533493042
2018-07-16 12:00:00,0.6776071190834045
2018-07-16 12:15:00,0.6697608232498169
2018-07-16 12:30:00,0.6387841105461121
2018-07-16 12:45:00,0.6415761113166809
2018-07-16 13:00:00,0.6271131038665771
2018-07-16 13:15:00,0.5996946692466736
2018-07-16 13:30:00,0.5863176584243774
2018-07-16 13:45:00,0.5682607889175415
2018-07-16 14:00:00,0.6075152158737183
2018-07-16 14:15:00,0.6002486348152161
2018-07-16 14:30:00,0.6052685976028442
2018-07-16 14:45:00,0.6200112700462341
2018-07-16 15:00:00,0.6095305681228638
2018-07-16 15:15:00,0.5772884488105774
2018-07-16 15:30:00,0.5706194639205933
2018-07-16 15:45:00,0.5678538084030151
2018-07-16 16:00:00,0.5624487996101379
2018-07-16 16:15:00,0.5620261430740356
2018-07-16 16:30:00,0.5443180799484253
2018-07-16 16:45:00,0.5224529504776001
2018-07-16 17:00:00,0.535815954208374
2018-07-16 17:15:00,0.5111837983131409
2018-07-16 17:30:00,0.5119223594665527
2018-07-16 17:45:00,0.502906084060669
2018-07-16 18:00:00,0.49283167719841003
2018-07-16 18:15:00,0.5225388407707214
2018-07-16 18:30:00,0.50327068567276
2018-07-16 18:45:00,0.45263975858688354
2018-07-16 19:00:00,0.4483271837234497
2018-07-16 19:15:00,0.46367594599723816
2018-07-16 19:30:00,0.46554234623908997
2018-07-16 19:45:00,0.4373387098312378
2018-07-16 20:00:00,0.407095730304718
2018-07-16 20:15:00,0.392776757478714
2018-07-16 20:30:00,0.3937585949897766
2018-07-16 20:45:00,0.38609421253204346
2018-07-16 21:00:00,0.38200217485427856
2018-07-16 21:15:00,0.37932634353637695
2018-07-16 21:30:00,0.3823501169681549
2018-07-16 21:45:00,0.3862248659133911
2018-07-16 22:00:00,0.38547074794769287
2018-07-16 22:15:00,0.3879786729812622
2018-07-16 22:30:00,0.37814727425575256
2018-07-16 22:45:00,0.39160650968551636
2018-07-16 23:00:00,0.40154150128364563
2018-07-16 23:15:00,0.38538917899131775
2018-07-16 23:30:00,0.38768234848976135
2018-07-16 23:45:00,0.3800748884677887
2018-07-23 00:00:00,0.3786957859992981
2018-07-23 00:15:00,0.34959056973457336
2018-07-23 00:30:00,0.34056854248046875
2018-07-23 00:45:00,0.3410344421863556
2018-07-23 01:00:00,0.3402552306652069
2018-07-23 01:15:00,0.333519846200943
2018-07-23 01:30:00,0.34135860204696655
2018-07-23 01:45:00,0.339590460062027
2018-07-23 02:00:00,0.3326640725135803
2018-07-23 02:15:00,0.3395988941192627
2018-07-23 02:30:00,0.3264843821525574
2018-07-23 02:45:00,0.31684914231300354
2018-07-23 03:00:00,0.3128844201564789
2018-07-23 03:15:00,0.3126733899116516
2018-07-23 03:30:00,0.3129050135612488
2018-07-23 03:45:00,0.30840107798576355
2018-07-23 04:00:00,0.3130466341972351
2018-07-23 04:15:00,0.30847498774528503
2018-07-23 04:30:00,0.309658020734787
2018-07-23 04:45:00,0.3065089285373688
2018-07-23 05:00:00,0.3047519624233246
2018-07-23 05:15:00,0.30451199412345886
2018-07-23 05:30:00,0.3001187741756439
2018-07-23 05:45:00,0.30453822016716003
2018-07-23 06:00:00,0.3010721802711487
2018-07-23 06:15:00,0.2989543378353119
2018-07-23 06:30:00,0.2977879047393799
2018-07-23 06:45:00,0.29900237917900085
2018-07-23 07:00:00,0.2994076609611511
2018-07-23 07:15:00,0.29714009165763855
2018-07-23 07:30:00,0.30591320991516113
2018-07-23 07:45:00,0.3164050281047821
2018-07-23 08:00:00,0.32488054037094116
2018-07-23 08:15:00,0.34598860144615173
2018-07-23 08:30:00,0.4325507581233978
2018-07-23 08:45:00,0.4500241279602051
2018-07-23 09:00:00,0.4323074519634247
2018-07-23 09:15:00,0.4291565716266632
2018-07-23 09:30:00,0.5737447738647461
2018-07-23 09:45:00,0.561335027217865
2018-07-23 10:00:00,0.504749059677124
2018-07-23 10:15:00,0.5221718549728394
2018-07-23 10:30:00,0.5814230442047119
2018-07-23 10:45:00,0.6060324907302856
2018-07-23 11:00:00,0.6014158129692078
2018-07-23 11:15:00,0.5967459082603455
2018-07-23 11:30:00,0.5992884635925293
2018-07-23 11:45:00,0.6149900555610657
2018-07-23 12:00:00,0.6021728515625
2018-07-23 12:15:00,0.6047696471214294
2018-07-23 12:30:00,0.5690314769744873
2018-07-23 12:45:00,0.5806283950805664
2018-07-23 13:00:00,0.562034010887146
2018-07-23 13:15:00,0.53922039270401
2018-07-23 13:30:00,0.5431600213050842
2018-07-23 13:45:00,0.5517429709434509
2018-07-23 14:00:00,0.58350670337677
2018-07-23 14:15:00,0.5725486874580383
2018-07-23 14:30:00,0.5895955562591553
2018-07-23 14:45:00,0.6171219944953918
2018-07-23 15:00:00,0.611423134803772
2018-07-23 15:15:00,0.613703191280365
2018-07-23 15:30:00,0.6059716939926147
2018-07-23 15:45:00,0.6187708377838135
2018-07-23 16:00:00,0.6126906871795654
2018-07-23 16:15:00,0.580446720123291
2018-07-23 16:30:00,0.6106070876121521
2018-07-23 16:45:00,0.6431311368942261
2018-07-23 17:00:00,0.6083604693412781
2018-07-23 17:15:00,0.6100376844406128
2018-07-23 17:30:00,0.5910502672195435
2018-07-23 17:45:00,0.5674638152122498
2018-07-23 18:00:00,0.5451216101646423
2018-07-23 18:15:00,0.5385236144065857
2018-07-23 18:30:00,0.534569263458252
2018-07-23 18:45:00,0.5318529605865479
2018-07-23 19:00:00,0.4840150475502014
2018-07-23 19:15:00,0.46963608264923096
2018-07-23 19:30:00,0.44937893748283386
2018-07-23 19:45:00,0.4398217797279358
2018-07-23 20:00:00,0.3832356929779053
2018-07-23 20:15:00,0.3953065574169159
2018-07-23 20:30:00,0.3973507285118103
2018-07-23 20:45:00,0.3851143419742584
2018-07-23 21:00:00,0.38558292388916016
2018-07-23 21:15:00,0.3921586871147156
2018-07-23 21:30:00,0.3848129212856293
2018-07-23 21:45:00,0.3897445499897003
2018-07-23 22:00:00,0.387359619140625
2018-07-23 22:15:00,0.4098796248435974
2018-07-23 22:30:00,0.4122046232223511
2018-07-23 22:45:00,0.4104434847831726
2018-07-23 23:00:00,0.4200345277786255
2018-07-23 23:15:00,0.4187506139278412
2018-07-23 23:30:00,0.40965381264686584
2018-07-23 23:45:00,0.39554929733276367
2018-07-30 00:00:00,0.38994279503822327
2018-07-30 00:15:00,0.3890005648136139
2018-07-30 00:30:00,0.37925103306770325
2018-07-30 00:45:00,0.3792327046394348
2018-07-30 01:00:00,0.378325492143631
2018-07-30 01:15:00,0.3859413266181946
2018-07-30 01:30:00,0.38231348991394043
2018-07-30 01:45:00,0.3847988247871399
2018-07-30 02:00:00,0.3807007670402527
2018-07-30 02:15:00,0.374933123588562
2018-07-30 02:30:00,0.37466195225715637
2018-07-30 02:45:00,0.368400514125824
2018-07-30 03:00:00,0.35829299688339233
2018-07-30 03:15:00,0.3564762771129608
2018-07-30 03:30:00,0.3542296290397644
2018-07-30 03:45:00,0.35234320163726807
2018-07-30 04:00:00,0.3559277653694153
2018-07-30 04:15:00,0.3625704348087311
2018-07-30 04:30:00,0.35593315958976746
2018-07-30 04:45:00,0.34835344552993774
2018-07-30 05:00:00,0.3498258888721466
2018-07-30 05:15:00,0.35230836272239685
2018-07-30 05:30:00,0.35217222571372986
2018-07-30 05:45:00,0.34672799706459045
2018-07-30 06:00:00,0.3433663249015808
2018-07-30 06:15:00,0.35383325815200806
2018-07-30 06:30:00,0.3548907935619354
2018-07-30 06:45:00,0.3437298536300659
2018-07-30 07:00:00,0.33888065814971924
2018-07-30 07:15:00,0.3196460008621216
2018-07-30 07:30:00,0.3120149075984955
2018-07-30 07:45:00,0.3255052864551544
2018-07-30 08:00:00,0.3411250710487366
2018-07-30 08:15:00,0.3450678586959839
2018-07-30 08:30:00,0.34150078892707825
2018-07-30 08:45:00,0.36935386061668396
2018-07-30 09:00:00,0.36768102645874023
2018-07-30 09:15:00,0.3810199201107025
2018-07-30 09:30:00,0.399417519569397
2018-07-30 09:45:00,0.5049392580986023
2018-07-30 10:00:00,0.6568266153335571
2018-07-30 10:15:00,0.6644325256347656
2018-07-30 10:30:00,0.6575706601142883
2018-07-30 10:45:00,0.6790544390678406
2018-07-30 11:00:00,0.6780648231506348
2018-07-30 11:15:00,0.6690690517425537
2018-07-30 11:30:00,0.6704792380332947
2018-07-30 11:45:00,0.6975656151771545
2018-07-30 12:00:00,0.6853495836257935
2018-07-30 12:15:00,0.6715380549430847
2018-07-30 12:30:00,0.6743069887161255
2018-07-30 12:45:00,0.659203052520752
2018-07-30 13:00:00,0.6561709046363831
2018-07-30 13:15:00,0.6554687023162842
2018-07-30 13:30:00,0.6517913341522217
2018-07-30 13:45:00,0.6360110640525818
2018-07-30 14:00:00,0.6492995619773865
2018-07-30 14:15:00,0.6536531448364258
2018-07-30 14:30:00,0.6707502603530884
2018-07-30 14:45:00,0.6738809943199158
2018-07-30 15:00:00,0.6805931329727173
2018-07-30 15:15:00,0.6955677270889282
2018-07-30 15:30:00,0.678507924079895
2018-07-30 15:45:00,0.6718363165855408
2018-07-30 16:00:00,0.6634851694107056
2018-07-30 16:15:00,0.6701850891113281
2018-07-30 16:30:00,0.6711035370826721
2018-07-30 16:45:00,0.6488081216812134
2018-07-30 17:00:00,0.6296256184577942
2018-07-30 17:15:00,0.6130872368812561
2018-07-30 17:30:00,0.63076251745224
2018-07-30 17:45:00,0.6251961588859558
2018-07-30 18:00:00,0.5818392634391785
2018-07-30 18:15:00,0.5309092998504639
2018-07-30 18:30:00,0.5409151911735535
2018-07-30 18:45:00,0.5476544499397278
2018-07-30 19:00:00,0.5346115231513977
2018-07-30 19:15:00,0.5399997234344482
2018-07-30 19:30:00,0.5137045979499817
2018-07-30 19:45:00,0.4800876975059509
2018-07-30 20:00:00,0.47422948479652405
2018-07-30 20:15:00,0.48757103085517883
2018-07-30 20:30:00,0.47858354449272156
2018-07-30 20:45:00,0.44783586263656616
2018-07-30 21:00:00,0.4388146698474884
2018-07-30 21:15:00,0.40900182723999023
2018-07-30 21:30:00,0.42245328426361084
2018-07-30 21:45:00,0.42953360080718994
2018-07-30 22:00:00,0.41436561942100525
2018-07-30 22:15:00,0.43049389123916626
2018-07-30 22:30:00,0.4162895083427429
2018-07-30 22:45:00,0.41754573583602905
2018-07-30 23:00:00,0.43442121148109436
2018-07-30 23:15:00,0.43197518587112427
2018-07-30 23:30:00,0.4235839545726776
2018-07-30 23:45:00,0.4208998382091522
2018-08-06 00:00:00,0.40579384565353394
2018-08-06 00:15:00,0.3756118416786194
2018-08-06 00:30:00,0.3723078668117523
2018-08-06 00:45:00,0.3800143599510193
2018-08-06 01:00:00,0.37290847301483154
2018-08-06 01:15:00,0.36854878067970276
2018-08-06 01:30:00,0.367457777261734
2018-08-06 01:45:00,0.3684159815311432
2018-08-06 02:00:00,0.38424763083457947
2018-08-06 02:15:00,0.3653736710548401
2018-08-06 02:30:00,0.3522905707359314
2018-08-06 02:45:00,0.3536307215690613
2018-08-06 03:00:00,0.3515133261680603
2018-08-06 03:15:00,0.35345977544784546
2018-08-06 03:30:00,0.35403192043304443
2018-08-06 03:45:00,0.32818135619163513
2018-08-06 04:00:00,0.3138176202774048
2018-08-06 04:15:00,0.31309348344802856
2018-08-06 04:30:00,0.3085854947566986
2018-08-06 04:45:00,0.3084031045436859
2018-08-06 05:00:00,0.31019413471221924
2018-08-06 05:15:00,0.30892524123191833
2018-08-06 05:30:00,0.31160661578178406
2018-08-06 05:45:00,0.3073371648788452
2018-08-06 06:00:00,0.3029416799545288
2018-08-06 06:15:00,0.304409384727478
2018-08-06 06:30:00,0.30047962069511414
2018-08-06 06:45:00,0.2934969365596771
2018-08-06 07:00:00,0.2917359471321106
2018-08-06 07:15:00,0.2951662242412567
2018-08-06 07:30:00,0.2924802899360657
2018-08-06 07:45:00,0.3192586302757263
2018-08-06 08:00:00,0.32610735297203064
2018-08-06 08:15:00,0.3190380334854126
2018-08-06 08:30:00,0.3363073468208313
2018-08-06 08:45:00,0.40142276883125305
2018-08-06 09:00:00,0.4603721499443054
2018-08-06 09:15:00,0.4239954948425293
2018-08-06 09:30:00,0.4421137273311615
2018-08-06 09:45:00,0.44574257731437683
2018-08-06 10:00:00,0.5111405849456787
2018-08-06 10:15:00,0.6470173597335815
2018-08-06 10:30:00,0.613207995891571
2018-08-06 10:45:00,0.6310003399848938
2018-08-06 11:00:00,0.6751894950866699
2018-08-06 11:15:00,0.6891142725944519
2018-08-06 11:30:00,0.6609935164451599
2018-08-06 11:45:00,0.657188892364502
2018-08-06 12:00:00,0.6398364305496216
2018-08-06 12:15:00,0.6228212714195251
2018-08-06 12:30:00,0.6000726222991943
2018-08-06 12:45:00,0.5976101160049438
2018-08-06 13:00:00,0.5982509851455688
2018-08-06 13:15:00,0.5941991806030273
2018-08-06 13:30:00,0.5780828595161438
2018-08-06 13:45:00,0.6048906445503235
2018-08-06 14:00:00,0.6582819819450378
2018-08-06 14:15:00,0.6606774926185608
2018-08-06 14:30:00,0.6499234437942505
2018-08-06 14:45:00,0.6415014266967773
2018-08-06 15:00:00,0.6733270287513733
2018-08-06 15:15:00,0.686856746673584
2018-08-06 15:30:00,0.6681082248687744
2018-08-06 15:45:00,0.6276749968528748
2018-08-06 16:00:00,0.6194431781768799
2018-08-06 16:15:00,0.6177980899810791
2018-08-06 16:30:00,0.6270674467086792
2018-08-06 16:45:00,0.61506587266922
2018-08-06 17:00:00,0.60276859998703
2018-08-06 17:15:00,0.5924792289733887
2018-08-06 17:30:00,0.5997170209884644
2018-08-06 17:45:00,0.5936561822891235
2018-08-06 18:00:00,0.583537220954895
2018-08-06 18:15:00,0.557133674621582
2018-08-06 18:30:00,0.5658133029937744
2018-08-06 18:45:00,0.551437258720398
2018-08-06 19:00:00,0.5435667037963867
2018-08-06 19:15:00,0.5377045273780823
2018-08-06 19:30:00,0.4973885416984558
2018-08-06 19:45:00,0.4860667288303375
2018-08-06 20:00:00,0.4852790832519531
2018-08-06 20:15:00,0.47439897060394287
2018-08-06 20:30:00,0.46375781297683716
2018-08-06 20:45:00,0.4660674035549164
2018-08-06 21:00:00,0.45843347907066345
2018-08-06 21:15:00,0.4374823570251465
2018-08-06 21:30:00,0.4225609600543976
2018-08-06 21:45:00,0.403790146112442
2018-08-06 22:00:00,0.3989511728286743
2018-08-06 22:15:00,0.3987749218940735
2018-08-06 22:30:00,0.40352964401245117
2018-08-06 22:45:00,0.4000110924243927
2018-08-06 23:00:00,0.4081498682498932
2018-08-06 23:15:00,0.407575786113739
2018-08-06 23:30:00,0.4125644266605377
2018-08-06 23:45:00,0.42767274379730225
2018-08-13 00:00:00,0.41774481534957886
2018-08-13 00:15:00,0.36196595430374146
2018-08-13 00:30:00,0.3358170986175537
2018-08-13 00:45:00,0.3522012531757355
2018-08-13 01:00:00,0.3707122206687927
2018-08-13 01:15:00,0.3716902434825897
2018-08-13 01:30:00,0.35791775584220886
2018-08-13 01:45:00,0.3498115837574005
2018-08-13 02:00:00,0.3309095501899719
2018-08-13 02:15:00,0.3217464089393616
2018-08-13 02:30:00,0.316923052072525
2018-08-13 02:45:00,0.31862673163414
2018-08-13 03:00:00,0.32575419545173645
2018-08-13 03:15:00,0.31660348176956177
2018-08-13 03:30:00,0.2990175187587738
2018-08-13 03:45:00,0.3018530011177063
2018-08-13 04:00:00,0.30491796135902405
2018-08-13 04:15:00,0.3019290566444397
2018-08-13 04:30:00,0.30202409625053406
2018-08-13 04:45:00,0.3076121211051941
2018-08-13 05:00:00,0.30272865295410156
2018-08-13 05:15:00,0.2997313141822815
2018-08-13 05:30:00,0.3028237819671631
2018-08-13 05:45:00,0.3008138835430145
2018-08-13 06:00:00,0.29315871000289917
2018-08-13 06:15:00,0.2969081997871399
2018-08-13 06:30:00,0.32500597834587097
2018-08-13 06:45:00,0.3203679621219635
2018-08-13 07:00:00,0.30907151103019714
2018-08-13 07:15:00,0.3068757951259613
2018-08-13 07:30:00,0.2999137043952942
2018-08-13 07:45:00,0.3059782385826111
2018-08-13 08:00:00,0.3022100031375885
2018-08-13 08:15:00,0.30792683362960815
2018-08-13 08:30:00,0.3160507380962372
2018-08-13 08:45:00,0.3963843286037445
2018-08-13 09:00:00,0.4185410737991333
2018-08-13 09:15:00,0.39056330919265747
2018-08-13 09:30:00,0.42812103033065796
2018-08-13 09:45:00,0.5138330459594727
2018-08-13 10:00:00,0.569612443447113
2018-08-13 10:15:00,0.5896425843238831
2018-08-13 10:30:00,0.6104199290275574
2018-08-13 10:45:00,0.5998072028160095
2018-08-13 11:00:00,0.5839475989341736
2018-08-13 11:15:00,0.6039339900016785
2018-08-13 11:30:00,0.6292724013328552
2018-08-13 11:45:00,0.6248772144317627
2018-08-13 12:00:00,0.6097412109375
2018-08-13 12:15:00,0.620004415512085
2018-08-13 12:30:00,0.6204720735549927
2018-08-13 12:45:00,0.5995426774024963
2018-08-13 13:00:00,0.5792333483695984
2018-08-13 13:15:00,0.5667767524719238
2018-08-13 13:30:00,0.5374237895011902
2018-08-13 13:45:00,0.5403944849967957
2018-08-13 14:00:00,0.6030882000923157
2018-08-13 14:15:00,0.6891199946403503
2018-08-13 14:30:00,0.6392804980278015
2018-08-13 14:45:00,0.6196193099021912
2018-08-13 15:00:00,0.6363999843597412
2018-08-13 15:15:00,0.6373713612556458
2018-08-13 15:30:00,0.6555113792419434
2018-08-13 15:45:00,0.6107034087181091
2018-08-13 16:00:00,0.6345885396003723
2018-08-13 16:15:00,0.6238377690315247
2018-08-13 16:30:00,0.6237782835960388
2018-08-13 16:45:00,0.6338819265365601
2018-08-13 17:00:00,0.6097593903541565
2018-08-13 17:15:00,0.5807108879089355
2018-08-13 17:30:00,0.610903263092041
2018-08-13 17:45:00,0.5478448867797852
2018-08-13 18:00:00,0.5281724333763123
2018-08-13 18:15:00,0.5165431499481201
2018-08-13 18:30:00,0.4957757890224457
2018-08-13 18:45:00,0.4838573634624481
2018-08-13 19:00:00,0.4718100428581238
2018-08-13 19:15:00,0.4524995982646942
2018-08-13 19:30:00,0.44548648595809937
2018-08-13 19:45:00,0.4389577805995941
2018-08-13 20:00:00,0.44829580187797546
2018-08-13 20:15:00,0.4288902282714844
2018-08-13 20:30:00,0.4246536195278168
2018-08-13 20:45:00,0.408733993768692
2018-08-13 21:00:00,0.403293251991272
2018-08-13 21:15:00,0.39560699462890625
2018-08-13 21:30:00,0.4068056344985962
2018-08-13 21:45:00,0.40677565336227417
2018-08-13 22:00:00,0.40934181213378906
2018-08-13 22:15:00,0.4112614095211029
2018-08-13 22:30:00,0.4095088541507721
2018-08-13 22:45:00,0.41056933999061584
2018-08-13 23:00:00,0.40015605092048645
2018-08-13 23:15:00,0.3896646499633789
2018-08-13 23:30:00,0.3863956034183502
2018-08-13 23:45:00,0.3878870904445648
2018-08-20 00:00:00,0.383714497089386
2018-08-20 00:15:00,0.3857334554195404
2018-08-20 00:30:00,0.3833160996437073
2018-08-20 00:45:00,0.37252572178840637
2018-08-20 01:00:00,0.3618624806404114
2018-08-20 01:15:00,0.36550766229629517
2018-08-20 01:30:00,0.3682185709476471
2018-08-20 01:45:00,0.3573221266269684
2018-08-20 02:00:00,0.35709869861602783
2018-08-20 02:15:00,0.3188737630844116
2018-08-20 02:30:00,0.3023955821990967
2018-08-20 02:45:00,0.31083834171295166
2018-08-20 03:00:00,0.3045961260795593
2018-08-20 03:15:00,0.34095317125320435
2018-08-20 03:30:00,0.33449000120162964
2018-08-20 03:45:00,0.3202546238899231
2018-08-20 04:00:00,0.3015801012516022
2018-08-20 04:15:00,0.30289843678474426
2018-08-20 04:30:00,0.30161744356155396
2018-08-20 04:45:00,0.2994217276573181
2018-08-20 05:00:00,0.3005857765674591
2018-08-20 05:15:00,0.3046415448188782
2018-08-20 05:30:00,0.29566603899002075
2018-08-20 05:45:00,0.2939623296260834
2018-08-20 06:00:00,0.30207428336143494
2018-08-20 06:15:00,0.29095497727394104
2018-08-20 06:30:00,0.2939503788948059
2018-08-20 06:45:00,0.28949180245399475
2018-08-20 07:00:00,0.29207760095596313
2018-08-20 07:15:00,0.29127365350723267
2018-08-20 07:30:00,0.2964203655719757
2018-08-20 07:45:00,0.2930215895175934
2018-08-20 08:00:00,0.3209908604621887
2018-08-20 08:15:00,0.3124379515647888
2018-08-20 08:30:00,0.3061741292476654
2018-08-20 08:45:00,0.3619324266910553
2018-08-20 09:00:00,0.3632897734642029
2018-08-20 09:15:00,0.40506428480148315
2018-08-20 09:30:00,0.47075018286705017
2018-08-20 09:45:00,0.4973433017730713
2018-08-20 10:00:00,0.47884300351142883
2018-08-20 10:15:00,0.5785300731658936
2018-08-20 10:30:00,0.6087652444839478
2018-08-20 10:45:00,0.6043803095817566
2018-08-20 11:00:00,0.5908098220825195
2018-08-20 11:15:00,0.563647985458374
2018-08-20 11:30:00,0.573505699634552
2018-08-20 11:45:00,0.5755578279495239
2018-08-20 12:00:00,0.55940842628479
2018-08-20 12:15:00,0.565386176109314
2018-08-20 12:30:00,0.5551507472991943
2018-08-20 12:45:00,0.5506911873817444
2018-08-20 13:00:00,0.5516088008880615
2018-08-20 13:15:00,0.5215579271316528
2018-08-20 13:30:00,0.5100711584091187
2018-08-20 13:45:00,0.5174640417098999
2018-08-20 14:00:00,0.6128223538398743
2018-08-20 14:15:00,0.5834859609603882
2018-08-20 14:30:00,0.5378651022911072
2018-08-20 14:45:00,0.5451107621192932
2018-08-20 15:00:00,0.5899356603622437
2018-08-20 15:15:00,0.6022842526435852
2018-08-20 15:30:00,0.5957862138748169
2018-08-20 15:45:00,0.5658161044120789
2018-08-20 16:00:00,0.5196923613548279
2018-08-20 16:15:00,0.5159600377082825
2018-08-20 16:30:00,0.5328213572502136
2018-08-20 16:45:00,0.5528675317764282
2018-08-20 17:00:00,0.5574709177017212
2018-08-20 17:15:00,0.5460843443870544
2018-08-20 17:30:00,0.5609458684921265
2018-08-20 17:45:00,0.5480701327323914
2018-08-20 18:00:00,0.5467725396156311
2018-08-20 18:15:00,0.5172095894813538
2018-08-20 18:30:00,0.504578709602356
2018-08-20 18:45:00,0.4845493733882904
2018-08-20 19:00:00,0.4917580485343933
2018-08-20 19:15:00,0.5098543167114258
2018-08-20 19:30:00,0.47560420632362366
2018-08-20 19:45:00,0.4588254392147064
2018-08-20 20:00:00,0.4559006094932556
2018-08-20 20:15:00,0.4308515787124634
2018-08-20 20:30:00,0.42807456851005554
2018-08-20 20:45:00,0.41780439019203186
2018-08-20 21:00:00,0.39578455686569214
2018-08-20 21:15:00,0.3975565731525421
2018-08-20 21:30:00,0.39324650168418884
2018-08-20 21:45:00,0.38122156262397766
2018-08-20 22:00:00,0.3852325677871704
2018-08-20 22:15:00,0.3819431662559509
2018-08-20 22:30:00,0.3695794343948364
2018-08-20 22:45:00,0.38854652643203735
2018-08-20 23:00:00,0.3890920579433441
2018-08-20 23:15:00,0.42107683420181274
2018-08-20 23:30:00,0.40933823585510254
2018-08-20 23:45:00,0.41695988178253174
2018-08-27 00:00:00,0.397532194852829
2018-08-27 00:15:00,0.3485449552536011
2018-08-27 00:30:00,0.32829731702804565
2018-08-27 00:45:00,0.33159422874450684
2018-08-27 01:00:00,0.3331248164176941
2018-08-27 01:15:00,0.3373453617095947
2018-08-27 01:30:00,0.3278892934322357
2018-08-27 01:45:00,0.3106127381324768
2018-08-27 02:00:00,0.30181580781936646
2018-08-27 02:15:00,0.3030215799808502
2018-08-27 02:30:00,0.3060835301876068
2018-08-27 02:45:00,0.29866936802864075
2018-08-27 03:00:00,0.32366275787353516
2018-08-27 03:15:00,0.32752013206481934
2018-08-27 03:30:00,0.3163411617279053
2018-08-27 03:45:00,0.29275450110435486
2018-08-27 04:00:00,0.2849702835083008
2018-08-27 04:15:00,0.29193398356437683
2018-08-27 04:30:00,0.28746262192726135
2018-08-27 04:45:00,0.2931881248950958
2018-08-27 05:00:00,0.2870212197303772
2018-08-27 05:15:00,0.2895250618457794
2018-08-27 05:30:00,0.2886163294315338
2018-08-27 05:45:00,0.28593185544013977
2018-08-27 06:00:00,0.28599604964256287
2018-08-27 06:15:00,0.284493625164032
2018-08-27 06:30:00,0.2815258502960205
2018-08-27 06:45:00,0.28236955404281616
2018-08-27 07:00:00,0.27587535977363586
2018-08-27 07:15:00,0.27999696135520935
2018-08-27 07:30:00,0.28198254108428955
2018-08-27 07:45:00,0.28684309124946594
2018-08-27 08:00:00,0.28633010387420654
2018-08-27 08:15:00,0.29486584663391113
2018-08-27 08:30:00,0.34294453263282776
2018-08-27 08:45:00,0.4030067026615143
2018-08-27 09:00:00,0.3738255500793457
2018-08-27 09:15:00,0.3972115218639374
2018-08-27 09:30:00,0.3874882757663727
2018-08-27 09:45:00,0.4180184006690979
2018-08-27 10:00:00,0.41595351696014404
2018-08-27 10:15:00,0.5706958174705505
2018-08-27 10:30:00,0.5700699090957642
2018-08-27 10:45:00,0.5620843172073364
2018-08-27 11:00:00,0.5865033268928528
2018-08-27 11:15:00,0.5971697568893433
2018-08-27 11:30:00,0.6211434602737427
2018-08-27 11:45:00,0.600601077079773
2018-08-27 12:00:00,0.5506294369697571
2018-08-27 12:15:00,0.5932576656341553
2018-08-27 12:30:00,0.5714386105537415
2018-08-27 12:45:00,0.5715328454971313
2018-08-27 13:00:00,0.5775244832038879
2018-08-27 13:15:00,0.5581056475639343
2018-08-27 13:30:00,0.5641056299209595
2018-08-27 13:45:00,0.5697794556617737
2018-08-27 14:00:00,0.5767144560813904
2018-08-27 14:15:00,0.596083402633667
2018-08-27 14:30:00,0.5961913466453552
2018-08-27 14:45:00,0.56606125831604
2018-08-27 15:00:00,0.5850983262062073
2018-08-27 15:15:00,0.5809060335159302
2018-08-27 15:30:00,0.5735288262367249
2018-08-27 15:45:00,0.5766803622245789
2018-08-27 16:00:00,0.5646147131919861
2018-08-27 16:15:00,0.5200074911117554
2018-08-27 16:30:00,0.5102447271347046
2018-08-27 16:45:00,0.5039821267127991
2018-08-27 17:00:00,0.5007869005203247
2018-08-27 17:15:00,0.5018278956413269
2018-08-27 17:30:00,0.47613826394081116
2018-08-27 17:45:00,0.48947030305862427
2018-08-27 18:00:00,0.47410276532173157
2018-08-27 18:15:00,0.4394642412662506
2018-08-27 18:30:00,0.41142919659614563
2018-08-27 18:45:00,0.4062248170375824
2018-08-27 19:00:00,0.40178757905960083
2018-08-27 19:15:00,0.41677072644233704
2018-08-27 19:30:00,0.41739290952682495
2018-08-27 19:45:00,0.41371646523475647
2018-08-27 20:00:00,0.3896082639694214
2018-08-27 20:15:00,0.38910147547721863
2018-08-27 20:30:00,0.37298235297203064
2018-08-27 20:45:00,0.3595863878726959
2018-08-27 21:00:00,0.3418706953525543
2018-08-27 21:15:00,0.32892340421676636
2018-08-27 21:30:00,0.3354783356189728
2018-08-27 21:45:00,0.32727059721946716
2018-08-27 22:00:00,0.33972179889678955
2018-08-27 22:15:00,0.3483976721763611
2018-08-27 22:30:00,0.35019224882125854
2018-08-27 22:45:00,0.35213738679885864
2018-08-27 23:00:00,0.34227174520492554
2018-08-27 23:15:00,0.33725500106811523
2018-08-27 23:30:00,0.33325010538101196
2018-08-27 23:45:00,0.3295615315437317
2018-12-03 00:00:00,0.3344413638114929
2018-12-03 00:15:00,0.287873238325119
2018-12-03 00:30:00,0.2713301181793213
2018-12-03 00:45:00,0.27967390418052673
2018-12-03 01:00:00,0.27711090445518494
2018-12-03 01:15:00,0.2738877832889557
2018-12-03 01:30:00,0.27627089619636536
2018-12-03 01:45:00,0.278952032327652
2018-12-03 02:00:00,0.2753002345561981
2018-12-03 02:15:00,0.27795541286468506
2018-12-03 02:30:00,0.27644777297973633
2018-12-03 02:45:00,0.2746514678001404
2018-12-03 03:00:00,0.27753740549087524
2018-12-03 03:15:00,0.27461734414100647
2018-12-03 03:30:00,0.27712661027908325
2018-12-03 03:45:00,0.27305182814598083
2018-12-03 04:00:00,0.27261003851890564
2018-12-03 04:15:00,0.28092077374458313
2018-12-03 04:30:00,0.27355465292930603
2018-12-03 04:45:00,0.2764509320259094
2018-12-03 05:00:00,0.2699207365512848
2018-12-03 05:15:00,0.27042266726493835
2018-12-03 05:30:00,0.27052727341651917
2018-12-03 05:45:00,0.26728442311286926
2018-12-03 06:00:00,0.2689609229564667
2018-12-03 06:15:00,0.2714945077896118
2018-12-03 06:30:00,0.2686968445777893
2018-12-03 06:45:00,0.2637694776058197
2018-12-03 07:00:00,0.2601894438266754
2018-12-03 07:15:00,0.26801273226737976
2018-12-03 07:30:00,0.2655356228351593
2018-12-03 07:45:00,0.2646990716457367
2018-12-03 08:00:00,0.27106061577796936
2018-12-03 08:15:00,0.27120348811149597
2018-12-03 08:30:00,0.2774347960948944
2018-12-03 08:45:00,0.30675631761550903
2018-12-03 09:00:00,0.32141944766044617
2018-12-03 09:15:00,0.3239055275917053
2018-12-03 09:30:00,0.3510715365409851
2018-12-03 09:45:00,0.44909536838531494
2018-12-03 10:00:00,0.4495634138584137
2018-12-03 10:15:00,0.497810035943985
2018-12-03 10:30:00,0.5163203477859497
2018-12-03 10:45:00,0.5179420709609985
2018-12-03 11:00:00,0.5321871042251587
2018-12-03 11:15:00,0.5212697386741638
2018-12-03 11:30:00,0.48970359563827515
2018-12-03 11:45:00,0.47486555576324463
2018-12-03 12:00:00,0.48306193947792053
2018-12-03 12:15:00,0.48564982414245605
2018-12-03 12:30:00,0.5007703900337219
2018-12-03 12:45:00,0.5199450254440308
2018-12-03 13:00:00,0.4967324435710907
2018-12-03 13:15:00,0.4903312027454376
2018-12-03 13:30:00,0.48162707686424255
2018-12-03 13:45:00,0.5194068551063538
2018-12-03 14:00:00,0.5572664737701416
2018-12-03 14:15:00,0.5447953939437866
2018-12-03 14:30:00,0.547458291053772
2018-12-03 14:45:00,0.5529453754425049
2018-12-03 15:00:00,0.5633143782615662
2018-12-03 15:15:00,0.5840171575546265
2018-12-03 15:30:00,0.551845908164978
2018-12-03 15:45:00,0.5487304329872131
2018-12-03 16:00:00,0.49965912103652954
2018-12-03 16:15:00,0.5126901865005493
2018-12-03 16:30:00,0.5059835910797119
2018-12-03 16:45:00,0.5034967064857483
2018-12-03 17:00:00,0.49808257818222046
2018-12-03 17:15:00,0.4949150085449219
2018-12-03 17:30:00,0.47956138849258423
2018-12-03 17:45:00,0.4502145051956177
2018-12-03 18:00:00,0.4537033438682556
2018-12-03 18:15:00,0.4402264952659607
2018-12-03 18:30:00,0.42172521352767944
2018-12-03 18:45:00,0.4118933081626892
2018-12-03 19:00:00,0.42818379402160645
2018-12-03 19:15:00,0.41885998845100403
2018-12-03 19:30:00,0.41982024908065796
2018-12-03 19:45:00,0.40210822224617004
2018-12-03 20:00:00,0.3786673843860626
2018-12-03 20:15:00,0.3648001253604889
2018-12-03 20:30:00,0.35500258207321167
2018-12-03 20:45:00,0.3581405282020569
2018-12-03 21:00:00,0.33093252778053284
2018-12-03 21:15:00,0.3185923993587494
2018-12-03 21:30:00,0.3394131660461426
2018-12-03 21:45:00,0.334211528301239
2018-12-03 22:00:00,0.334069162607193
2018-12-03 22:15:00,0.3425535261631012
2018-12-03 22:30:00,0.3329525887966156
2018-12-03 22:45:00,0.3220536708831787
2018-12-03 23:00:00,0.3157852292060852
2018-12-03 23:15:00,0.31316739320755005
2018-12-03 23:30:00,0.2913665175437927
2018-12-03 23:45:00,0.2892898917198181
2018-12-10 00:00:00,0.29059213399887085
2018-12-10 00:15:00,0.2881360948085785
2018-12-10 00:30:00,0.2840903699398041
2018-12-10 00:45:00,0.2895772159099579
2018-12-10 01:00:00,0.28426995873451233
2018-12-10 01:15:00,0.2857522666454315
2018-12-10 01:30:00,0.28767791390419006
2018-12-10 01:45:00,0.2883569002151489
2018-12-10 02:00:00,0.28096142411231995
2018-12-10 02:15:00,0.2754717469215393
2018-12-10 02:30:00,0.27861839532852173
2018-12-10 02:45:00,0.2754192054271698
2018-12-10 03:00:00,0.27524232864379883
2018-12-10 03:15:00,0.279579222202301
2018-12-10 03:30:00,0.2790147662162781
2018-12-10 03:45:00,0.2791769206523895
2018-12-10 04:00:00,0.2759830951690674
2018-12-10 04:15:00,0.27279412746429443
2018-12-10 04:30:00,0.2738765478134155
2018-12-10 04:45:00,0.2735775411128998
2018-12-10 05:00:00,0.2750241160392761
2018-12-10 05:15:00,0.27369651198387146
2018-12-10 05:30:00,0.2740224599838257
2018-12-10 05:45:00,0.2727218270301819
2018-12-10 06:00:00,0.2706265151500702
2018-12-10 06:15:00,0.2613994777202606
2018-12-10 06:30:00,0.26560938358306885
2018-12-10 06:45:00,0.26344192028045654
2018-12-10 07:00:00,0.25529909133911133
2018-12-10 07:15:00,0.25883254408836365
2018-12-10 07:30:00,0.2587461471557617
2018-12-10 07:45:00,0.26432695984840393
2018-12-10 08:00:00,0.25683295726776123
2018-12-10 08:15:00,0.26325517892837524
2018-12-10 08:30:00,0.2728692591190338
2018-12-10 08:45:00,0.2762022018432617
2018-12-10 09:00:00,0.2851959764957428
2018-12-10 09:15:00,0.28072822093963623
2018-12-10 09:30:00,0.3121667504310608
2018-12-10 09:45:00,0.40565037727355957
2018-12-10 10:00:00,0.42777585983276367
2018-12-10 10:15:00,0.4668843746185303
2018-12-10 10:30:00,0.47169235348701477
2018-12-10 10:45:00,0.4680592715740204
2018-12-10 11:00:00,0.5039060711860657
2018-12-10 11:15:00,0.4670895040035248
2018-12-10 11:30:00,0.4736422300338745
2018-12-10 11:45:00,0.5061604976654053
2018-12-10 12:00:00,0.4612147808074951
2018-12-10 12:15:00,0.4734421372413635
2018-12-10 12:30:00,0.4638115167617798
2018-12-10 12:45:00,0.4989830255508423
2018-12-10 13:00:00,0.47925901412963867
2018-12-10 13:15:00,0.48509636521339417
2018-12-10 13:30:00,0.4635774791240692
2018-12-10 13:45:00,0.4293208718299866
2018-12-10 14:00:00,0.4463264048099518
2018-12-10 14:15:00,0.4841165542602539
2018-12-10 14:30:00,0.5179042220115662
2018-12-10 14:45:00,0.5022175908088684
2018-12-10 15:00:00,0.4912509322166443
2018-12-10 15:15:00,0.4875124990940094
2018-12-10 15:30:00,0.4799298346042633
2018-12-10 15:45:00,0.48853829503059387
2018-12-10 16:00:00,0.4927719533443451
2018-12-10 16:15:00,0.48243919014930725
2018-12-10 16:30:00,0.46665289998054504
2018-12-10 16:45:00,0.46125102043151855
2018-12-10 17:00:00,0.45183151960372925
2018-12-10 17:15:00,0.4178665280342102
2018-12-10 17:30:00,0.41518279910087585
2018-12-10 17:45:00,0.4173799753189087
2018-12-10 18:00:00,0.4218921363353729
2018-12-10 18:15:00,0.4113308787345886
2018-12-10 18:30:00,0.39714956283569336
2018-12-10 18:45:00,0.38483747839927673
2018-12-10 19:00:00,0.3681323528289795
2018-12-10 19:15:00,0.364422470331192
2018-12-10 19:30:00,0.36863797903060913
2018-12-10 19:45:00,0.3638925552368164
2018-12-10 20:00:00,0.3529709279537201
2018-12-10 20:15:00,0.3441295921802521
2018-12-10 20:30:00,0.35818254947662354
2018-12-10 20:45:00,0.37252557277679443
2018-12-10 21:00:00,0.3663322925567627
2018-12-10 21:15:00,0.33949390053749084
2018-12-10 21:30:00,0.33501967787742615
2018-12-10 21:45:00,0.33445727825164795
2018-12-10 22:00:00,0.3338824212551117
2018-12-10 22:15:00,0.3349628746509552
2018-12-10 22:30:00,0.3547147214412689
2018-12-10 22:45:00,0.3110508918762207
2018-12-10 23:00:00,0.2885860800743103
2018-12-10 23:15:00,0.288560152053833
2018-12-10 23:30:00,0.28754353523254395
2018-12-10 23:45:00,0.2906375825405121
2018-12-17 00:00:00,0.29244258999824524
2018-12-17 00:15:00,0.2799319624900818
2018-12-17 00:30:00,0.27049049735069275
2018-12-17 00:45:00,0.2764509320259094
2018-12-17 01:00:00,0.2822116017341614
2018-12-17 01:15:00,0.280766099691391
2018-12-17 01:30:00,0.27911537885665894
2018-12-17 01:45:00,0.2818654179573059
2018-12-17 02:00:00,0.2881700098514557
2018-12-17 02:15:00,0.2826736569404602
2018-12-17 02:30:00,0.27402520179748535
2018-12-17 02:45:00,0.28002771735191345
2018-12-17 03:00:00,0.2733817994594574
2018-12-17 03:15:00,0.27630501985549927
2018-12-17 03:30:00,0.2759108245372772
2018-12-17 03:45:00,0.27553415298461914
2018-12-17 04:00:00,0.2735236883163452
2018-12-17 04:15:00,0.27302083373069763
2018-12-17 04:30:00,0.270891398191452
2018-12-17 04:45:00,0.2688230276107788
2018-12-17 05:00:00,0.26474419236183167
2018-12-17 05:15:00,0.268062561750412
2018-12-17 05:30:00,0.266502320766449
2018-12-17 05:45:00,0.26385027170181274
2018-12-17 06:00:00,0.2641601860523224
2018-12-17 06:15:00,0.26546719670295715
2018-12-17 06:30:00,0.26644593477249146
2018-12-17 06:45:00,0.27000147104263306
2018-12-17 07:00:00,0.2656196355819702
2018-12-17 07:15:00,0.26016250252723694
2018-12-17 07:30:00,0.2604372203350067
2018-12-17 07:45:00,0.26047441363334656
2018-12-17 08:00:00,0.2604186236858368
2018-12-17 08:15:00,0.2606106400489807
2018-12-17 08:30:00,0.2523743808269501
2018-12-17 08:45:00,0.26382702589035034
2018-12-17 09:00:00,0.29051899909973145
2018-12-17 09:15:00,0.27639928460121155
2018-12-17 09:30:00,0.31453192234039307
2018-12-17 09:45:00,0.33164843916893005
2018-12-17 10:00:00,0.3870355188846588
2018-12-17 10:15:00,0.4241739511489868
2018-12-17 10:30:00,0.42782145738601685
2018-12-17 10:45:00,0.4209790527820587
2018-12-17 11:00:00,0.43958571553230286
2018-12-17 11:15:00,0.4832058846950531
2018-12-17 11:30:00,0.4807427227497101
2018-12-17 11:45:00,0.46383705735206604
2018-12-17 12:00:00,0.44507208466529846
2018-12-17 12:15:00,0.45098912715911865
2018-12-17 12:30:00,0.4364684224128723
2018-12-17 12:45:00,0.43460091948509216
2018-12-17 13:00:00,0.4238590896129608
2018-12-17 13:15:00,0.42100790143013
2018-12-17 13:30:00,0.4135242998600006
2018-12-17 13:45:00,0.41386011242866516
2018-12-17 14:00:00,0.4662628769874573
2018-12-17 14:15:00,0.4856671988964081
2018-12-17 14:30:00,0.45123887062072754
2018-12-17 14:45:00,0.46871113777160645
2018-12-17 15:00:00,0.4435960054397583
2018-12-17 15:15:00,0.4867159128189087
2018-12-17 15:30:00,0.4794413149356842
2018-12-17 15:45:00,0.4602929949760437
2018-12-17 16:00:00,0.48895522952079773
2018-12-17 16:15:00,0.45822224020957947
2018-12-17 16:30:00,0.4377738833427429
2018-12-17 16:45:00,0.44517695903778076
2018-12-17 17:00:00,0.4275282025337219
2018-12-17 17:15:00,0.45066866278648376
2018-12-17 17:30:00,0.4500048756599426
2018-12-17 17:45:00,0.4364137351512909
2018-12-17 18:00:00,0.43413791060447693
2018-12-17 18:15:00,0.4102409780025482
2018-12-17 18:30:00,0.3834104537963867
2018-12-17 18:45:00,0.37902894616127014
2018-12-17 19:00:00,0.38367125391960144
2018-12-17 19:15:00,0.37916237115859985
2018-12-17 19:30:00,0.37729355692863464
2018-12-17 19:45:00,0.3625245690345764
2018-12-17 20:00:00,0.3442988991737366
2018-12-17 20:15:00,0.34124112129211426
2018-12-17 20:30:00,0.33239856362342834
2018-12-17 20:45:00,0.32218611240386963
2018-12-17 21:00:00,0.3218904435634613
2018-12-17 21:15:00,0.3191680610179901
2018-12-17 21:30:00,0.3125462234020233
2018-12-17 21:45:00,0.29759275913238525
2018-12-17 22:00:00,0.283467561006546
2018-12-17 22:15:00,0.2845974862575531
2018-12-17 22:30:00,0.28718215227127075
2018-12-17 22:45:00,0.295259565114975
2018-12-17 23:00:00,0.3055289089679718
2018-12-17 23:15:00,0.3194855749607086
2018-12-17 23:30:00,0.32054403424263
2018-12-17 23:45:00,0.31049230694770813
2018-12-24 00:00:00,0.30788445472717285
2018-12-24 00:15:00,0.275932252407074
2018-12-24 00:30:00,0.2617909014225006
2018-12-24 00:45:00,0.2771962881088257
2018-12-24 01:00:00,0.2802182137966156
2018-12-24 01:15:00,0.27964192628860474
2018-12-24 01:30:00,0.2717044949531555
2018-12-24 01:45:00,0.2687763273715973
2018-12-24 02:00:00,0.27428191900253296
2018-12-24 02:15:00,0.2724497318267822
2018-12-24 02:30:00,0.26879608631134033
2018-12-24 02:45:00,0.26037561893463135
2018-12-24 03:00:00,0.261322945356369
2018-12-24 03:15:00,0.2698154151439667
2018-12-24 03:30:00,0.27259087562561035
2018-12-24 03:45:00,0.2732599973678589
2018-12-24 04:00:00,0.27035441994667053
2018-12-24 04:15:00,0.2671385109424591
2018-12-24 04:30:00,0.26550784707069397
2018-12-24 04:45:00,0.2648519277572632
2018-12-24 05:00:00,0.2660618722438812
2018-12-24 05:15:00,0.2709243893623352
2018-12-24 05:30:00,0.2700885236263275
2018-12-24 05:45:00,0.26403436064720154
2018-12-24 06:00:00,0.26261070370674133
2018-12-24 06:15:00,0.2672572433948517
2018-12-24 06:30:00,0.26398900151252747
2018-12-24 06:45:00,0.25436580181121826
2018-12-24 07:00:00,0.24767068028450012
2018-12-24 07:15:00,0.2491752654314041
2018-12-24 07:30:00,0.24569456279277802
2018-12-24 07:45:00,0.24727953970432281
2018-12-24 08:00:00,0.2467532902956009
2018-12-24 08:15:00,0.24791143834590912
2018-12-24 08:30:00,0.25025299191474915
2018-12-24 08:45:00,0.25641804933547974
2018-12-24 09:00:00,0.2789963483810425
2018-12-24 09:15:00,0.28749433159828186
2018-12-24 09:30:00,0.2904338538646698
2018-12-24 09:45:00,0.36001089215278625
2018-12-24 10:00:00,0.34231826663017273
2018-12-24 10:15:00,0.375166118144989
2018-12-24 10:30:00,0.38770440220832825
2018-12-24 10:45:00,0.4217319190502167
2018-12-24 11:00:00,0.41230782866477966
2018-12-24 11:15:00,0.4311920702457428
2018-12-24 11:30:00,0.455685555934906
2018-12-24 11:45:00,0.451729953289032
2018-12-24 12:00:00,0.4674127697944641
2018-12-24 12:15:00,0.43605732917785645
2018-12-24 12:30:00,0.48046883940696716
2018-12-24 12:45:00,0.46052998304367065
2018-12-24 13:00:00,0.4386945962905884
2018-12-24 13:15:00,0.47120392322540283
2018-12-24 13:30:00,0.4767180383205414
2018-12-24 13:45:00,0.4380115568637848
2018-12-24 14:00:00,0.4670928120613098
2018-12-24 14:15:00,0.47124218940734863
2018-12-24 14:30:00,0.48478245735168457
2018-12-24 14:45:00,0.42570915818214417
2018-12-24 15:00:00,0.439593106508255
2018-12-24 15:15:00,0.4809253513813019
2018-12-24 15:30:00,0.4639412462711334
2018-12-24 15:45:00,0.4373110830783844
2018-12-24 16:00:00,0.46032434701919556
2018-12-24 16:15:00,0.47735536098480225
2018-12-24 16:30:00,0.461609423160553
2018-12-24 16:45:00,0.4266587793827057
2018-12-24 17:00:00,0.4258178472518921
2018-12-24 17:15:00,0.4207119643688202
2018-12-24 17:30:00,0.4107646644115448
2018-12-24 17:45:00,0.3991047441959381
2018-12-24 18:00:00,0.4075658619403839
2018-12-24 18:15:00,0.40248826146125793
2018-12-24 18:30:00,0.3956468999385834
2018-12-24 18:45:00,0.37918099761009216
2018-12-24 19:00:00,0.3650708496570587
2018-12-24 19:15:00,0.35950225591659546
2018-12-24 19:30:00,0.35358545184135437
2018-12-24 19:45:00,0.35772112011909485
2018-12-24 20:00:00,0.34830689430236816
2018-12-24 20:15:00,0.34226685762405396
2018-12-24 20:30:00,0.3366199731826782
2018-12-24 20:45:00,0.33190807700157166
2018-12-24 21:00:00,0.3286730945110321
2018-12-24 21:15:00,0.3271757960319519
2018-12-24 21:30:00,0.32963261008262634
2018-12-24 21:45:00,0.32185980677604675
2018-12-24 22:00:00,0.31800761818885803
2018-12-24 22:15:00,0.31290706992149353
2018-12-24 22:30:00,0.28768324851989746
2018-12-24 22:45:00,0.2835475206375122
2018-12-24 23:00:00,0.2816820740699768
2018-12-24 23:15:00,0.2835037112236023
2018-12-24 23:30:00,0.2841137647628784
2018-12-24 23:45:00,0.27899235486984253
2018-12-31 00:00:00,0.28033894300460815
2018-12-31 00:15:00,0.2804560959339142
2018-12-31 00:30:00,0.2748086154460907
2018-12-31 00:45:00,0.26825061440467834
2018-12-31 01:00:00,0.2640146315097809
2018-12-31 01:15:00,0.2662166953086853
2018-12-31 01:30:00,0.26636552810668945
2018-12-31 01:45:00,0.26592567563056946
2018-12-31 02:00:00,0.2634322941303253
2018-12-31 02:15:00,0.25794100761413574
2018-12-31 02:30:00,0.2606538236141205
2018-12-31 02:45:00,0.2628963887691498
2018-12-31 03:00:00,0.2651449143886566
2018-12-31 03:15:00,0.2706579566001892
2018-12-31 03:30:00,0.2704167664051056
2018-12-31 03:45:00,0.26931461691856384
2018-12-31 04:00:00,0.26845890283584595
2018-12-31 04:15:00,0.2657727599143982
2018-12-31 04:30:00,0.2673874795436859
2018-12-31 04:45:00,0.26623740792274475
2018-12-31 05:00:00,0.2639961838722229
2018-12-31 05:15:00,0.2606271803379059
2018-12-31 05:30:00,0.26524391770362854
2018-12-31 05:45:00,0.26536819338798523
2018-12-31 06:00:00,0.2661980986595154
2018-12-31 06:15:00,0.2646558880805969
2018-12-31 06:30:00,0.2597714364528656
2018-12-31 06:45:00,0.26057344675064087
2018-12-31 07:00:00,0.2588205933570862
2018-12-31 07:15:00,0.2603069841861725
2018-12-31 07:30:00,0.266532301902771
2018-12-31 07:45:00,0.2618684768676758
2018-12-31 08:00:00,0.26320603489875793
2018-12-31 08:15:00,0.26156482100486755
2018-12-31 08:30:00,0.2598983347415924
2018-12-31 08:45:00,0.2650332748889923
2018-12-31 09:00:00,0.2719649374485016
2018-12-31 09:15:00,0.3121817111968994
2018-12-31 09:30:00,0.3077752888202667
2018-12-31 09:45:00,0.3190970718860626
2018-12-31 10:00:00,0.31771212816238403
2018-12-31 10:15:00,0.3514116108417511
2018-12-31 10:30:00,0.34609782695770264
2018-12-31 10:45:00,0.38468676805496216
2018-12-31 11:00:00,0.389913946390152
2018-12-31 11:15:00,0.40553098917007446
2018-12-31 11:30:00,0.40611276030540466
2018-12-31 11:45:00,0.40579065680503845
2018-12-31 12:00:00,0.40438875555992126
2018-12-31 12:15:00,0.4109819531440735
2018-12-31 12:30:00,0.4159761965274811
2018-12-31 12:45:00,0.40887579321861267
2018-12-31 13:00:00,0.41705015301704407
2018-12-31 13:15:00,0.415545791387558
2018-12-31 13:30:00,0.407958984375
2018-12-31 13:45:00,0.39037150144577026
2018-12-31 14:00:00,0.3896663188934326
2018-12-31 14:15:00,0.41163668036460876
2018-12-31 14:30:00,0.41205233335494995
2018-12-31 14:45:00,0.41448402404785156
2018-12-31 15:00:00,0.4263317883014679
2018-12-31 15:15:00,0.4325357973575592
2018-12-31 15:30:00,0.4588908851146698
2018-12-31 15:45:00,0.4822825789451599
2018-12-31 16:00:00,0.4483288526535034
2018-12-31 16:15:00,0.4493667483329773
2018-12-31 16:30:00,0.4387963116168976
2018-12-31 16:45:00,0.40673160552978516
2018-12-31 17:00:00,0.3967270255088806
2018-12-31 17:15:00,0.39243775606155396
2018-12-31 17:30:00,0.39033597707748413
2018-12-31 17:45:00,0.3794502317905426
2018-12-31 18:00:00,0.3770727217197418
2018-12-31 18:15:00,0.35887396335601807
2018-12-31 18:30:00,0.360698401927948
2018-12-31 18:45:00,0.35244548320770264
2018-12-31 19:00:00,0.3366217613220215
2018-12-31 19:15:00,0.34802526235580444
2018-12-31 19:30:00,0.3368782699108124
2018-12-31 19:45:00,0.32847046852111816
2018-12-31 20:00:00,0.33136510848999023
2018-12-31 20:15:00,0.32258549332618713
2018-12-31 20:30:00,0.3248698115348816
2018-12-31 20:45:00,0.31626924872398376
2018-12-31 21:00:00,0.31078922748565674
2018-12-31 21:15:00,0.30346229672431946
2018-12-31 21:30:00,0.3011334240436554
2018-12-31 21:45:00,0.31172072887420654
2018-12-31 22:00:00,0.30658283829689026
2018-12-31 22:15:00,0.3012852370738983
2018-12-31 22:30:00,0.29797232151031494
2018-12-31 22:45:00,0.2982522249221802
2018-12-31 23:00:00,0.29714009165763855
2018-12-31 23:15:00,0.29512277245521545
2018-12-31 23:30:00,0.29898762702941895
2018-12-31 23:45:00,0.29686734080314636
